
INSERT INTO customer (id,firstName,Pic) VALUES
(1,'Maria','0x47494638396150003100F70000000000800000008000808000000080800080008080808080C0C0C0FF000000FF00FFFF000000FFFF00FF00FFFFFFFFFF0000000000000000000000000000000000000000000000000000000000000000000000000000000000000000000000000000000000000000000000000000000000000000000000000000000000330000660000990000CC0000FF0033000033330033660033990033CC0033FF0066000066330066660066990066CC0066FF0099000099330099660099990099CC0099FF00CC0000CC3300CC6600CC9900CCCC00CCFF00FF0000FF3300FF6600FF9900FFCC00FFFF3300003300333300663300993300CC3300FF3333003333333333663333993333CC3333FF3366003366333366663366993366CC3366FF3399003399333399663399993399CC3399FF33CC0033CC3333CC6633CC9933CCCC33CCFF33FF0033FF3333FF6633FF9933FFCC33FFFF6600006600336600666600996600CC6600FF6633006633336633666633996633CC6633FF6666006666336666666666996666CC6666FF6699006699336699666699996699CC6699FF66CC0066CC3366CC6666CC9966CCCC66CCFF66FF0066FF3366FF6666FF9966FFCC66FFFF9900009900339900669900999900CC9900FF9933009933339933669933999933CC9933FF9966009966339966669966999966CC9966FF9999009999339999669999999999CC9999FF99CC0099CC3399CC6699CC9999CCCC99CCFF99FF0099FF3399FF6699FF9999FFCC99FFFFCC0000CC0033CC0066CC0099CC00CCCC00FFCC3300CC3333CC3366CC3399CC33CCCC33FFCC6600CC6633CC6666CC6699CC66CCCC66FFCC9900CC9933CC9966CC9999CC99CCCC99FFCCCC00CCCC33CCCC66CCCC99CCCCCCCCCCFFCCFF00CCFF33CCFF66CCFF99CCFFCCCCFFFFFF0000FF0033FF0066FF0099FF00CCFF00FFFF3300FF3333FF3366FF3399FF33CCFF33FFFF6600FF6633FF6666FF6699FF66CCFF66FFFF9900FF9933FF9966FF9999FF99CCFF99FFFFCC00FFCC33FFCC66FFCC99FFCCCCFFCCFFFFFF00FFFF33FFFF66FFFF99FFFFCCFFFFFF21F90401000010002C00000000500031000008FF00FF091C48B0A0C18308132A5CC8B0A1C38710234A9C48B1A2C58B18336ADCC8B1A3C78F20438A1C49B2A4C9932853AA5C9911058A812E17C664F9D0E5CB7F3313E6A4C9D0A6C099366FC27C19D367CEA04371DE44CA1169D1A542952A25FA1467D2A7547F46C558542AD0A855A58A9D9AD52BD4A654C3EE547BD6AC58AC3E377E2DBB96EED9AF6FCB7A9C9B97205BAD7DB1F6952B74EED6BF79E3B2DDC95362E1AD8D2F328D4CB9B2E5CB9831C77518D62063C6223743040DD82F6490558FA6BD0B152F5EB2A8B3AA7EEC96B651D96D3BFE9D8D7BE86EBB1F7F034ECD3AF06AD292831237EEB6F9F290AAB5B65DEE9A7A6EC249A7FA7EAEDC79EBD399C38B121F4FBEBCF9F3E8D3AB5FCFBEBDFBF7EF0302003B'),
(2,'Ana',NULL),
(3,'Antonio',NULL),
(4,'Thomas',NULL),
(5,'Christina',NULL);

INSERT INTO product (Id,UnitPrice,IsDiscontinued) VALUES
(1,18.00,false),
(2,19.00,true),
(3,10.00,true),
(4,22.00,false);

INSERT INTO "Order" (Id,OrderDate,CustomerId,TotalAmount) VALUES
(1,'1990-06-14 04:20:00',2,322.00),
(2,'2012-07-5 12:00:00',3,1863.40),
(3,'2012-07-8 12:00:00',4,1813.00),
(4,'2012-07-8 12:00:00',5,670.80);

INSERT INTO OrderItem (OrderId,ProductId,UnitPrice) VALUES
(4,4,2.00),
(1,1,4.80),
(1,3,4.20),
(2,2,18.60),
(4,1,3.69);

INSERT INTO Details (Id,OrderId,ProductId,Name) VALUES
(1,2,2,'Ariel Gamrian'),
(2,4,1,'aaaaaaa'),
(3,2,2,'bbbbbb'),
(3,4,4,'bbbbbb');

INSERT INTO Photo (Id,Pic,Photographer,InPic1,InPic2) VALUES
(1,'0x47494638396150003100F70000000000800000008000808000000080800080008080808080C0C0C0FF000000FF00FFFF000000FFFF00FF00FFFFFFFFFF0000000000000000000000000000000000000000000000000000000000000000000000000000000000000000000000000000000000000000000000000000000000000000000000000000000000330000660000990000CC0000FF0033000033330033660033990033CC0033FF0066000066330066660066990066CC0066FF0099000099330099660099990099CC0099FF00CC0000CC3300CC6600CC9900CCCC00CCFF00FF0000FF3300FF6600FF9900FFCC00FFFF3300003300333300663300993300CC3300FF3333003333333333663333993333CC3333FF3366003366333366663366993366CC3366FF3399003399333399663399993399CC3399FF33CC0033CC3333CC6633CC9933CCCC33CCFF33FF0033FF3333FF6633FF9933FFCC33FFFF6600006600336600666600996600CC6600FF6633006633336633666633996633CC6633FF6666006666336666666666996666CC6666FF6699006699336699666699996699CC6699FF66CC0066CC3366CC6666CC9966CCCC66CCFF66FF0066FF3366FF6666FF9966FFCC66FFFF9900009900339900669900999900CC9900FF9933009933339933669933999933CC9933FF9966009966339966669966999966CC9966FF9999009999339999669999999999CC9999FF99CC0099CC3399CC6699CC9999CCCC99CCFF99FF0099FF3399FF6699FF9999FFCC99FFFFCC0000CC0033CC0066CC0099CC00CCCC00FFCC3300CC3333CC3366CC3399CC33CCCC33FFCC6600CC6633CC6666CC6699CC66CCCC66FFCC9900CC9933CC9966CC9999CC99CCCC99FFCCCC00CCCC33CCCC66CCCC99CCCCCCCCCCFFCCFF00CCFF33CCFF66CCFF99CCFFCCCCFFFFFF0000FF0033FF0066FF0099FF00CCFF00FFFF3300FF3333FF3366FF3399FF33CCFF33FFFF6600FF6633FF6666FF6699FF66CCFF66FFFF9900FF9933FF9966FF9999FF99CCFF99FFFFCC00FFCC33FFCC66FFCC99FFCCCCFFCCFFFFFF00FFFF33FFFF66FFFF99FFFFCCFFFFFF21F90401000010002C00000000500031000008FF00FF091C48B0A0C18308132A5CC8B0A1C38710234A9C48B1A2C58B18336ADCC8B1A3C78F20438A1C49B2A4C9932853AA5C9911058A812E17C664F9D0E5CB7F3313E6A4C9D0A6C099366FC27C19D367CEA04371DE44CA1169D1A542952A25FA1467D2A7547F46C558542AD0A855A58A9D9AD52BD4A654C3EE547BD6AC58AC3E377E2DBB96EED9AF6FCB7A9C9B97205BAD7DB1F6952B74EED6BF79E3B2DDC95362E1AD8D2F328D4CB9B2E5CB9831C77518D62063C6223743040DD82F6490558FA6BD0B152F5EB2A8B3AA7EEC96B651D96D3BFE9D8D7BE86EBB1F7F034ECD3AF06AD292831237EEB6F9F290AAB5B65DEE9A7A6EC249A7FA7EAEDC79EBD399C38B121F4FBEBCF9F3E8D3AB5FCFBEBDFBF7EF0302003B',3,4,5),
(2,'0x47494638396150003100F70000787378E0F8FECBC9D8D5F2FC69646AEEEDF95470D9F6F5F52F6FED5854593833394D9BEADCDBDC98E4FCF9F9FDF9F9F9C5C1C446B8F998A6D8E0DDDC6E86D6F4F4FAE1DEE479DCFCEEEDF577B4FD69D8FE47424837B4F7EFEEF7F1F0F0F5F1EBBAB7C2D4DAFA81B8FCD4D2D4E3E2E36BA2C6F5F5FD39CCFE52C8FDCCC9CB2A252AB4B1B2655E645290D1E3E1F4FEFEFEEEEDEDD5D2DC928E91F8F6FC79797F29C7FDBDBBBD58D3FD47CAFEC2BDC3FEFAFEA5A2A5F9F6F47CACF3949194E4E1DC958A8793B9F8A1A4B8FCF7F29C999E83D4FA8EA5AE8997CA3A3845DDDCEDBAB3B5817C816FDFFF5A5867F1F1F5F4EDEBB1ADB2EAE7E96C6B70D0CCCFE4E3EAB2ADAC8B898DFCFCFE413C42AAA6ABACAAACD0CDD4CAC4CAF3F2FA544E53B6EAFBFDFCF9F0F0F884DAFAFCFCFC67B8FAA6E6FB89858AE9E8EE9AC5F97395F1B7BED7EFEEF0E9E9E9DEDCE16BA6FBC6C5C63E92D7726E723BA4FCA49C99A1B6DF9A959A5664B3679BF7FAFBFE8DC6EBC5C3CD57A8F74AAEF672C4F6706A6CA0C4FCC3BDBDF2F1FDE7E5E3628EF6A8D4FBA3AAD8388EF5F4F2F9EDEBF277A6ED8E8C91FFFFFC797A99848085A7B8CE6E86B0EBEAF27D818ABDB5BC57869DF4F2F3D8D6DDB5B3B9605A5D9E9D9F25B5FDEEEBEE888386CFD0D1DFD8D7ACC4E649D7FFCAD5FA3E363CE7E9EBEAE8F66B9DE26571ABDAD7E4F5F3F194A6F5D6CFCB2B2F3C2520246282ECE7E6F3A6A6A884808A342E322F2A2DF2F5FEA0A8C8F4F4F44D464CEFF0FCFCFEFF80777DF2F2F7ECEAF4EBEAEB8BE3FCD7D5D6FEFDFDF3EFFABBD1FDA29EA2EDECEBD7D3E2FEFDFFFBFAFAF7F7F7979497989096F2F1FA4F4B50F4F3FD211C1F4F7E994554B0BBC5E2D6D9E1C6C7D2446871696E8D334962627395829BF512AAFFF1F1F8F1F2FAC9CCDE909092CFD1ECE8EFFABFCCF6D8D9D9D3C7E1EAECEFAEB1B086D6F8A6A49DB4D0E98CCFFBFCFDFCB8B7B7AEDEEC96999DEBEBEFE0E7FC9999996D707DEFF9FDAAA2A9FBFBFCBFBFC280AFE68AB0F28FB2E2C2EFFD9FD6FA7ECBE73647805ECEFC708EFB7294E56AA7EF5098BAFFFFFF21F90400000000002C00000000500031000008FF00FF091C48B0A0C18308132A5CC8B0A1C38710234A5C7860CDC48B18256A59422BA3C03105F1D8E2A4EE9C4789131210A0E411028D2556B6619A75E411354C27238EF1A18205004CBE303E68F3469E3B05AA90A8C2991362B1141BB0F8D9C1F224543F5556349D2843AA0F28326454BD086845C7AD13297D7BC00900AC5ABB301A53F203ED494748AA6414E46AAC5D891EB44580932EC0A24513D1EDF88BB152B9139F9868B8506680C987E758D8603CB1D8167335F8F041A18109930B0DECBD6BF8838030CE12CF08D057A34F883F6EF844B861FA02AF2F015E206447CA110FD811A1A93971A2C605C4058089D81381B4693195F114FC732D0862E40EE309FFC853A3863E1C17820A9C719B4C75DEA753AFFE47261328F00FC345A3CD814311F4DF0DF44274222CC0873EBD354008077C1C829F439578D2DC177FF87782180116148201081822070A37C89189080F1AE4810553BC310503BB18A347113594F1CF0B687030CE09BC6448902CF42492062B3D88E8CD411EA4B0830C665871CC0A139CB4860D32C4C142130934D1040BAF3C834203020661E3090DE838A340A0D0D3032AA2FD52502FC75C82850248C4A9002CA110B0C2039D65C1422D58A8E40E00001090000D843403445C0211E3A518279421E640B604D1831B140832D02E32D4024B2C09C4F14A928D0090402CAB24F08640B73864411CA1847289155AD8FF00811E10588289107920110A0B100CA428078C3AAA101A0B244281368B8C40C0A65E6C83CE046D4CC0C0049D28B1C906ABC4D2CE3FE75CA6D0085E28E005325C08B24B31C61470C80336D051821F0960518B12BED203EC095F28C40B1C4764908804B5C412CA123950E2C13F33208C072D6B30500501B13063C63FF10897501BCA28C0821216CCB0CC030738514005ECD663C4042B10202F20BE8A1001A3F91E74CB272D0C114222199482850C8210638231C698F00F22C678100F0C1EE4E01633DB8284102D042840400E511CF04F17D818938B2D15F0A0C63CD1FC93CB1B0060E1050303E9E032A3F6A45AD0003514F2CF295EE4D34F0F853CF14F324E1CFFD00531447B00C3017854F0461CB1A890C29807B5034B029258F04F3194F8520025150452C110F39430443215F8020101A1F8114FDA2EDF88026AF60470CB220D64C2CD3F32A8000B23892090461B8B7440093678747040141E38D0C13F574071890A09188310091B845287055714F002C80E40E2C432C650B18023335470F519502813CA66696710C13835EC9108199335704304DD4C10CA2A97FC3083040820304B2716C8C53F1C200C12CC201B2F3046076821036C89032144800501B8408B73CCC07A20D3452B4CF0004FC02106DAD10522FEC1804648ED0A04D181FAC4C00156508015ACB84306FA50047C4C421A46E8463116010E0A20801FB48A462FFF2670862E0C1003F130C6E85470096F0DE4010950003248F082031463066A7AC02E5C30832790A2047A6BC51AE2D1810ED8401958A8444154B8BA4F0CA01B21B00602F6B10F56B821031930C73D5A178E422060108CB88417E4213407E8E201833B801942118B6F1884010AA885242871800350E2148748C63F6010836180000E91C84101D650810ECC600CBD908202E06110366AE0064E10841028608A5EC4A914A848C32006214342D4C31008688202B4803C5D68820A88E80036B2500B66A0C3203688050152E00B5F8CA1183CF000227431814AE4E0112D00C02BDA80014454D2186C5084021A71101572C01F0058821FFC00852A84A2167310C4044690FF039A50800206E01023C8F1862D50E10CB9304631FE918204AC82080671850A00B0852E84010305E80006CE10832D80200E2D98C4AE92108643CC60067858C30E4A87101D1C814A4B98C30E1A61865560C106953C000F8600860F64410676B08301E4818E294C210C61E802D6B6C082552CC120C188052E7A41106210E3161618060D36500D1A5C620414C3830366E08070B8020B04B05841C0200364E082052CC0C53158108B5A70C220BE00411588500A67482015FF60030908C20016A8200E118D0500A6D0856598A002154846019290042BEC0A029288C715AE8087CD5EC103674DEB41D6B004B7B2E055C848800A94F1066C2443A926C080052C010257FF00611AB3D0832EBA5089C776A10253682A00A0090B3F4CE11FBE888703C2D00A17B4C214D1C8821E4C618A248C221026C86E17A84084500CF72007F081220010892628610710DBC0A9C6F00063ACC302498881255660034C40A01549B08000BA80D217402001CCD88641BEA1804BE40003166D45468FD70A01E877B005800406926182191063024B906242A000806044C20F9B58823C5A6509A479800A9008C33276B1091FEC601355A00522B660813360000361C0442D56F1CC8218C30B5880C72E8CE7800A840161F9FD870BA8209C9155D201C980000B42D12B843C800891880300140156D56EA37818704017343905024080125BA883258838830778A0FF189A584228146029836C03164B48812C7C11066CFCA3029385C43F0A40055A5C61400E30C603D8B0830D78E16009F986148E01855E9C22BCCC9B82F86C716463AC40110B0D832EC290B02E98600CC6C801010E8B1006980D0A51588611B31186358CC2CFD880C42F0EE08BEA5DE1018753800C16E28A4808C7CDBBE08420314182569C610C1E10060BFC708A7F5CB48C0E4A860334A188809D0A219B50002E0EFC0F6576CFA2E5F6C028E2418B175C2110BDA803169411058550420AC42CC82662A10C1B5840189DA0D63C1D8901133C5B5DFFC0801656ED072716840D5ED80032A680880A804118D898C1F1BA600C2704E21C2CA94416BC108A7C23C40359FF90C20A9C47905DEC580A23D8C501C6B00B61142DE10EC086075ED08535E4E0150A08459314F20679916B0D6B784007F0E0E72E14E30026B8C501A6A0854B0C4C3D0839400A2CD00BAC0F840B0A88451CB80083A4AFE1052C597A074016051058010BB1E8F142D081850D6C22070CE0C1918516887F1CE0019580401D12E05DAB65041DA1601E1446F0848375C4CF1878C2142C216758B8E221F24023018291824E44611D0F58830746000178C4217A9B307C4BB0A500005421153FF8812062D08954284106AAC582DC1D42021A84020B2C680411A020891504C30C04D880B82C8116412C0D16CA88C326CC600600B060032A88851FD0369137D0A016BFDF804AF8DF148A0410015176E1C45649B50A15ACE2FD5800C0E218F7901708670CDFD8080108208538C8401EAF417F4D6131BB200FED600508A8085AF00D7FA75063A056251281123881061110003B',5,NULL,1);

INSERT INTO UnsupportedTable (Id,Node) VALUES
(1,'(13,37)');
