INSERT INTO customer(id,firstName,Pic) VALUES(1,'Maria','47494638396150003100F70000000000800000008000808000000080800080008080808080C0C0C0FF000000FF00FFFF000000FFFF00FF00FFFFFFFFFF0000000000000000000000000000000000000000000000000000000000000000000000000000000000000000000000000000000000000000000000000000000000000000000000000000000000330000660000990000CC0000FF0033000033330033660033990033CC0033FF0066000066330066660066990066CC0066FF0099000099330099660099990099CC0099FF00CC0000CC3300CC6600CC9900CCCC00CCFF00FF0000FF3300FF6600FF9900FFCC00FFFF3300003300333300663300993300CC3300FF3333003333333333663333993333CC3333FF3366003366333366663366993366CC3366FF3399003399333399663399993399CC3399FF33CC0033CC3333CC6633CC9933CCCC33CCFF33FF0033FF3333FF6633FF9933FFCC33FFFF6600006600336600666600996600CC6600FF6633006633336633666633996633CC6633FF6666006666336666666666996666CC6666FF6699006699336699666699996699CC6699FF66CC0066CC3366CC6666CC9966CCCC66CCFF66FF0066FF3366FF6666FF9966FFCC66FFFF9900009900339900669900999900CC9900FF9933009933339933669933999933CC9933FF9966009966339966669966999966CC9966FF9999009999339999669999999999CC9999FF99CC0099CC3399CC6699CC9999CCCC99CCFF99FF0099FF3399FF6699FF9999FFCC99FFFFCC0000CC0033CC0066CC0099CC00CCCC00FFCC3300CC3333CC3366CC3399CC33CCCC33FFCC6600CC6633CC6666CC6699CC66CCCC66FFCC9900CC9933CC9966CC9999CC99CCCC99FFCCCC00CCCC33CCCC66CCCC99CCCCCCCCCCFFCCFF00CCFF33CCFF66CCFF99CCFFCCCCFFFFFF0000FF0033FF0066FF0099FF00CCFF00FFFF3300FF3333FF3366FF3399FF33CCFF33FFFF6600FF6633FF6666FF6699FF66CCFF66FFFF9900FF9933FF9966FF9999FF99CCFF99FFFFCC00FFCC33FFCC66FFCC99FFCCCCFFCCFFFFFF00FFFF33FFFF66FFFF99FFFFCCFFFFFF21F90401000010002C00000000500031000008FF00FF091C48B0A0C18308132A5CC8B0A1C38710234A9C48B1A2C58B18336ADCC8B1A3C78F20438A1C49B2A4C9932853AA5C9911058A812E17C664F9D0E5CB7F3313E6A4C9D0A6C099366FC27C19D367CEA04371DE44CA1169D1A542952A25FA1467D2A7547F46C558542AD0A855A58A9D9AD52BD4A654C3EE547BD6AC58AC3E377E2DBB96EED9AF6FCB7A9C9B97205BAD7DB1F6952B74EED6BF79E3B2DDC95362E1AD8D2F328D4CB9B2E5CB9831C77518D62063C6223743040DD82F6490558FA6BD0B152F5EB2A8B3AA7EEC96B651D96D3BFE9D8D7BE86EBB1F7F034ECD3AF06AD292831237EEB6F9F290AAB5B65DEE9A7A6EC249A7FA7EAEDC79EBD399C38B121F4FBEBCF9F3E8D3AB5FCFBEBDFBF7EF0302003B')
INSERT INTO customer(id,firstName,Pic) VALUES(2,'Ana',NULL)
INSERT INTO customer(id,firstName,Pic) VALUES(3,'Antonio',NULL)
INSERT INTO customer(id,firstName,Pic) VALUES(4,'Thomas',NULL)
INSERT INTO customer(id,firstName,Pic) VALUES(5,'Christina',NULL)
INSERT INTO product(Id,UnitPrice,IsDiscontinued) VALUES(1,18.00,0)
INSERT INTO product(Id,UnitPrice,IsDiscontinued) VALUES(2,19.00,1)
INSERT INTO product(Id,UnitPrice,IsDiscontinued) VALUES(3,10.00,1)
INSERT INTO product(Id,UnitPrice,IsDiscontinued) VALUES(4,22.00,0)
INSERT INTO "Order"(Id,OrderDate,CustomerId,TotalAmount) VALUES(1, TIMESTAMP '2003-01-01 00:00:00 US/Pacific',2,322.00)
INSERT INTO "Order"(Id,OrderDate,CustomerId,TotalAmount) VALUES(2, TIMESTAMP '2003-01-01 00:00:00 US/Pacific',3,1863.40)
INSERT INTO "Order"(Id,OrderDate,CustomerId,TotalAmount) VALUES(3, TIMESTAMP '2003-01-01 00:00:00 US/Pacific',4,1813.00)
INSERT INTO "Order"(Id,OrderDate,CustomerId,TotalAmount) VALUES(4, TIMESTAMP '2003-01-01 00:00:00 US/Pacific',5,670.80)
INSERT INTO OrderItem(OrderId,ProductId,UnitPrice) VALUES(4,4,2.00)
INSERT INTO OrderItem(OrderId,ProductId,UnitPrice) VALUES(1,1,4.80)
INSERT INTO OrderItem(OrderId,ProductId,UnitPrice) VALUES(1,3,4.20)
INSERT INTO OrderItem(OrderId,ProductId,UnitPrice) VALUES(2,2,18.60)
INSERT INTO OrderItem(OrderId,ProductId,UnitPrice) VALUES(4,1,3.69)
INSERT INTO Details(Id,OrderId,ProductId,Name) VALUES(1,2,2,'Ariel Gamrian')
INSERT INTO Details(Id,OrderId,ProductId,Name) VALUES(2,4,1,'aaaaaaa')
INSERT INTO Details(Id,OrderId,ProductId,Name) VALUES(3,2,2,'bbbbbb')
INSERT INTO Details(Id,OrderId,ProductId,Name) VALUES(3,4,4,'bbbbbb')
INSERT INTO Photo(Id,Pic,Photographer,InPic1,InPic2) VALUES(1,'47494638396150003100F70000000000800000008000808000000080800080008080808080C0C0C0FF000000FF00FFFF000000FFFF00FF00FFFFFFFFFF0000000000000000000000000000000000000000000000000000000000000000000000000000000000000000000000000000000000000000000000000000000000000000000000000000000000330000660000990000CC0000FF0033000033330033660033990033CC0033FF0066000066330066660066990066CC0066FF0099000099330099660099990099CC0099FF00CC0000CC3300CC6600CC9900CCCC00CCFF00FF0000FF3300FF6600FF9900FFCC00FFFF3300003300333300663300993300CC3300FF3333003333333333663333993333CC3333FF3366003366333366663366993366CC3366FF3399003399333399663399993399CC3399FF33CC0033CC3333CC6633CC9933CCCC33CCFF33FF0033FF3333FF6633FF9933FFCC33FFFF6600006600336600666600996600CC6600FF6633006633336633666633996633CC6633FF6666006666336666666666996666CC6666FF6699006699336699666699996699CC6699FF66CC0066CC3366CC6666CC9966CCCC66CCFF66FF0066FF3366FF6666FF9966FFCC66FFFF9900009900339900669900999900CC9900FF9933009933339933669933999933CC9933FF9966009966339966669966999966CC9966FF9999009999339999669999999999CC9999FF99CC0099CC3399CC6699CC9999CCCC99CCFF99FF0099FF3399FF6699FF9999FFCC99FFFFCC0000CC0033CC0066CC0099CC00CCCC00FFCC3300CC3333CC3366CC3399CC33CCCC33FFCC6600CC6633CC6666CC6699CC66CCCC66FFCC9900CC9933CC9966CC9999CC99CCCC99FFCCCC00CCCC33CCCC66CCCC99CCCCCCCCCCFFCCFF00CCFF33CCFF66CCFF99CCFFCCCCFFFFFF0000FF0033FF0066FF0099FF00CCFF00FFFF3300FF3333FF3366FF3399FF33CCFF33FFFF6600FF6633FF6666FF6699FF66CCFF66FFFF9900FF9933FF9966FF9999FF99CCFF99FFFFCC00FFCC33FFCC66FFCC99FFCCCCFFCCFFFFFF00FFFF33FFFF66FFFF99FFFFCCFFFFFF21F90401000010002C00000000500031000008FF00FF091C48B0A0C18308132A5CC8B0A1C38710234A9C48B1A2C58B18336ADCC8B1A3C78F20438A1C49B2A4C9932853AA5C9911058A812E17C664F9D0E5CB7F3313E6A4C9D0A6C099366FC27C19D367CEA04371DE44CA1169D1A542952A25FA1467D2A7547F46C558542AD0A855A58A9D9AD52BD4A654C3EE547BD6AC58AC3E377E2DBB96EED9AF6FCB7A9C9B97205BAD7DB1F6952B74EED6BF79E3B2DDC95362E1AD8D2F328D4CB9B2E5CB9831C77518D62063C6223743040DD82F6490558FA6BD0B152F5EB2A8B3AA7EEC96B651D96D3BFE9D8D7BE86EBB1F7F034ECD3AF06AD292831237EEB6F9F290AAB5B65DEE9A7A6EC249A7FA7EAEDC79EBD399C38B121F4FBEBCF9F3E8D3AB5FCFBEBDFBF7EF0302003B',3,4,5)
INSERT INTO Photo(Id,Pic,Photographer,InPic1,InPic2) VALUES(2, '47494638396150003100F70000000000800000008000808000000080800080008080808080C0C0C0FF000000FF00FFFF000000FFFF00FF00FFFFFFFFFF0000000000000000000000000000000000000000000000000000000000000000000000000000000000000000000000000000000000000000000000000000000000000000000000000000000000330000660000990000CC0000FF0033000033330033660033990033CC0033FF0066000066330066660066990066CC0066FF0099000099330099660099990099CC0099FF00CC0000CC3300CC6600CC9900CCCC00CCFF00FF0000FF3300FF6600FF9900FFCC00FFFF3300003300333300663300993300CC3300FF3333003333333333663333993333CC3333FF3366003366333366663366993366CC3366FF3399003399333399663399993399CC3399FF33CC0033CC3333CC6633CC9933CCCC33CCFF33FF0033FF3333FF6633FF9933FFCC33FFFF6600006600336600666600996600CC6600FF6633006633336633666633996633CC6633FF6666006666336666666666996666CC6666FF6699006699336699666699996699CC6699FF66CC0066CC3366CC6666CC9966CCCC66CCFF66FF0066FF3366FF6666FF9966FFCC66FFFF9900009900339900669900999900CC9900FF9933009933339933669933999933CC9933FF9966009966339966669966999966CC9966FF9999009999339999669999999999CC9999FF99CC0099CC3399CC6699CC9999CCCC99CCFF99FF0099FF3399FF6699FF9999FFCC99FFFFCC0000CC0033CC0066CC0099CC00CCCC00FFCC3300CC3333CC3366CC3399CC33CCCC33FFCC6600CC6633CC6666CC6699CC66CCCC66FFCC9900CC9933CC9966CC9999CC99CCCC99FFCCCC00CCCC33CCCC66CCCC99CCCCCCCCCCFFCCFF00CCFF33CCFF66CCFF99CCFFCCCCFFFFFF0000FF0033FF0066FF0099FF00CCFF00FFFF3300FF3333FF3366FF3399FF33CCFF33FFFF6600FF6633FF6666FF6699FF66CCFF66FFFF9900FF9933FF9966FF9999FF99CCFF99FFFFCC00FFCC33FFCC66FFCC99FFCCCCFFCCFFFFFF00FFFF33FFFF66FFFF99FFFFCCFFFFFF21F90401000010002C00000000500031000008FF00FF091C48B0A0C18308132A5CC8B0A1C38710234A9C48B1A2C58B18336ADCC8B1A3C78F20438A1C49B2A4C9932853AA5C9911058A812E17C664F9D0E5CB7F3313E6A4C9D0A6C099366FC27C19D367CEA04371DE44CA1169D1A542952A25FA1467D2A7547F46C558542AD0A855A58A9D9AD52BD4A654C3EE547BD6AC58AC3E377E2DBB96EED9AF6FCB7A9C9B97205BAD7DB1F6952B74EED6BF79E3B2DDC95362E1AD8D2F328D4CB9B2E5CB9831C77518D62063C6223743040DD82F6490558FA6BD0B152F5EB2A8B3AA7EEC96B651D96D3BFE9D8D7BE86EBB1F7F034ECD3AF06AD292831237EEB6F9F290AAB5B65DEE9A7A6EC249A7FA7EAEDC79EBD399C38B121F4FBEBCF9F3E8D3AB5FCFBEBDFBF7EF0302003B',5,NULL,1)
INSERT INTO UnsupportedTable(Id,Node) VALUES(1,st_point(13,37))