INSERT INTO "order"("o_id", "Total") VALUES(1, '440.00')
INSERT INTO "product"("p_id", "name") VALUES(100, 'Bread')
INSERT INTO "product"("p_id", "name") VALUES(101, 'Milk')
INSERT INTO "order_item"("oi_id", "order_id", "product_id", "Price") VALUES(10, 1, 100, '110.00')
INSERT INTO "order_item"("oi_id", "order_id", "product_id", "Price") VALUES(11, 1, 101, '330.00')
INSERT INTO "movie"("m_id", "name", "file") VALUES(21, 'Movie #1', '3231')
INSERT INTO "movie"("m_id", "name", "file") VALUES(22, 'Movie #2', null)
INSERT INTO "movie"("m_id", "name", "file") VALUES(23, 'Movie #3', '3233')
INSERT INTO "movie"("m_id", "name", "file") VALUES(24, 'Movie #4', null)
INSERT INTO "movie"("m_id", "name", "file") VALUES(25, 'Movie #5', null)
INSERT INTO "actor"("a_id", "name", "photo") VALUES(31, 'Actor #1', '3331')
INSERT INTO "actor"("a_id", "name", "photo") VALUES(32, 'Actor #2', '3332')
INSERT INTO "actor"("a_id", "name", "photo") VALUES(33, 'Actor #3', null)
INSERT INTO "actor"("a_id", "name", "photo") VALUES(34, 'Actor #4', null)
INSERT INTO "actor_movie"("m_id", "a_id") VALUES(21, 31)
INSERT INTO "actor_movie"("m_id", "a_id") VALUES(21, 32)
INSERT INTO "actor_movie"("m_id", "a_id") VALUES(22, 31)
INSERT INTO "actor_movie"("m_id", "a_id") VALUES(22, 33)
INSERT INTO "actor_movie"("m_id", "a_id") VALUES(23, 32)
INSERT INTO "actor_movie"("m_id", "a_id") VALUES(24, 32)
INSERT INTO "actor_movie"("m_id", "a_id") VALUES(24, 33)
INSERT INTO "groups"("g_id", "name", "parent_group_id") VALUES(50, 'G1', null)
INSERT INTO "groups"("g_id", "name", "parent_group_id") VALUES(51, 'G1.1', 50)
INSERT INTO "groups"("g_id", "name", "parent_group_id") VALUES(52, 'G1.1.1', 51)
INSERT INTO "groups"("g_id", "name", "parent_group_id") VALUES(53, 'G1.1.1.1', 52)
INSERT INTO "groups"("g_id", "name", "parent_group_id") VALUES(54, 'G1.1.2', 51)
INSERT INTO "groups"("g_id", "name", "parent_group_id") VALUES(55, 'G2', null)
INSERT INTO "groups"("g_id", "name", "parent_group_id") VALUES(56, 'G2.1', 55)
INSERT INTO "customers2"("c_id", "vatid") VALUES(61, 55555)
INSERT INTO "customers2"("c_id", "vatid") VALUES(62, 44444)
INSERT INTO "orders2"("o_id", "customer_vatid") VALUES(71, 55555)
INSERT INTO "orders2"("o_id", "customer_vatid") VALUES(72, 55555)
INSERT INTO "orders2"("o_id", "customer_vatid") VALUES(73, 44444)